State,District,Latitude,Longitude,District code,Population,Male,Female,Literate,Age_Group_0_29,Age_Group_30_49,Age_Group_50,Households_with_Bicycle,Households_with_Internet,sex_ratio,literacy_rate
Andhra Pradesh,Adilabad,19.284513950073435,78.81321233480176,532,2741239,1369597,1371642,1483347,1536378,704551,422522,150289,5512,100.0,54.0
Andhra Pradesh,Anantapur,14.312065561843148,77.4601584478577,553,4081148,2064495,2016653,2310960,2189396,1104565,739612,206433,8606,98.0,57.0
Andhra Pradesh,Chittoor,13.33109263067696,78.92763898886037,554,4174064,2090204,2083860,2667878,2148179,1159053,807430,225856,13763,100.0,64.0
Andhra Pradesh,East Godavari,16.782718320784902,82.2432074720511,545,5154296,2569688,2584608,3288577,2724328,1478954,948122,779052,22411,101.0,64.0
Andhra Pradesh,Guntur,15.884925767634847,80.58657614107885,548,4887813,2440521,2447292,2960441,2583462,1371811,928462,454586,19383,100.0,61.0
Andhra Pradesh,Hyderabad,17.38971555555556,78.46668888888888,536,3943323,2018575,1924748,2892155,2249130,1068243,542669,229561,149034,95.0,73.0
Andhra Pradesh,Karimnagar,18.515483193277312,79.43765428571413,534,3776269,1880800,1895469,2206829,1940234,1031735,728494,406211,8831,101.0,58.0
Andhra Pradesh,Khammam,17.683921325051784,80.67008643892335,541,2797370,1390988,1406382,1630234,1530602,774583,477955,267852,8628,101.0,58.0
Andhra Pradesh,Krishna,16.143872753151673,81.14805061000413,547,4517398,2267375,2250023,3009718,2340943,1284630,833959,525079,30438,99.0,67.0
Andhra Pradesh,Kurnool,15.43759715142429,77.90086836581717,552,4053463,2039227,2014236,2127161,2368684,1053618,609027,271815,10081,99.0,52.0
Andhra Pradesh,Mahbubnagar,16.639546224256293,77.98933089244859,538,4053028,2050386,2002642,1940646,2360874,1027525,637430,151754,6153,98.0,48.0
Andhra Pradesh,Medak,17.889304978038055,78.13778901903379,535,3033288,1523030,1510258,1637137,1735769,779738,509368,232114,8635,99.0,54.0
Andhra Pradesh,Nalgonda,17.113250515463907,79.16984453608244,539,3488809,1759772,1729037,2001019,1932349,897137,651748,286559,7715,98.0,57.0
Andhra Pradesh,Nizamabad,18.429485849056604,78.07523490566035,533,2551335,1250641,1300694,1389810,1399773,676401,437573,212631,5261,104.0,54.0
Andhra Pradesh,Prakasam,15.489039001601704,80.11665790176184,549,3397448,1714764,1682684,1904435,1832695,917391,641707,226045,6151,98.0,56.0
Andhra Pradesh,Srikakulam,18.570900998697432,84.25874814010675,542,2703114,1341738,1361376,1495381,1423119,747385,528736,180824,3988,101.0,55.0
Andhra Pradesh,Vizianagaram,18.28329696032972,83.45982854198873,543,2344474,1161477,1182997,1238388,1206366,666394,451469,168297,4453,102.0,53.0
Andhra Pradesh,Warangal,18.01752608695651,79.87422028985509,540,3512576,1759281,1753295,2065023,1891954,941452,664872,311837,12952,100.0,59.0
Andhra Pradesh,West Godavari,16.63297943925236,81.45912990654196,546,3936966,1964918,1972048,2652389,2051513,1127764,755533,605463,12050,100.0,67.0
Arunachal Pradesh,Changlang,27.36048479338845,96.37552644628106,253,148226,76948,71278,73174,96630,35018,16414,13306,170,93.0,49.0
Arunachal Pradesh,East Kameng,27.371194055944056,93.04741486013997,247,78690,38775,39915,38449,53752,17922,6960,755,57,103.0,49.0
Arunachal Pradesh,East Siang,28.15382352941176,95.06499226006191,251,99214,50116,49098,62576,61993,25334,11802,6380,450,98.0,63.0
Arunachal Pradesh,Kurung Kumey,28.04853351800553,93.24531994459834,256,92076,45318,46758,36606,64379,20713,6836,189,95,103.0,40.0
Arunachal Pradesh,Lohit,27.946785273972623,96.59670770547945,259,145726,76221,69505,83062,94890,35493,15195,16426,312,91.0,57.0
Arunachal Pradesh,Lower Dibang Valley,28.32651730103806,95.76567335640142,258,54080,28053,26027,31849,35140,13254,5652,4410,207,93.0,59.0
Arunachal Pradesh,Lower Subansiri,27.70849297297297,93.96226108108112,255,83030,41843,41187,54057,55258,20305,7412,1063,381,98.0,65.0
Arunachal Pradesh,Papum Pare,27.273529716981127,93.54468183962264,248,176573,89182,87391,121048,120592,43812,11856,3898,2477,98.0,69.0
Arunachal Pradesh,Tawang,27.680683962264148,91.82504245283016,245,49977,29151,20826,26073,30709,13849,5399,105,96,71.0,52.0
Arunachal Pradesh,Tirap,26.94406229508198,95.41470327868862,254,111975,57604,54371,47974,71785,25669,14423,963,98,94.0,43.0
Arunachal Pradesh,Upper Siang,28.8309244897959,95.00155765306124,252,35320,18699,16621,18195,21090,8910,5252,136,97,89.0,52.0
Arunachal Pradesh,Upper Subansiri,28.277196566523585,93.8991435622318,249,83448,41758,41690,45278,56054,20055,7230,782,139,100.0,54.0
Arunachal Pradesh,West Kameng,27.46486582278483,92.65015750452083,246,83947,46155,37792,48492,53026,22362,8493,348,202,82.0,58.0
Arunachal Pradesh,West Siang,28.106296920289843,94.53510344202908,250,112274,58168,54106,64746,70415,28305,13469,2129,303,93.0,58.0
Assam,Barpeta,26.427872264631056,90.97912010178116,303,1693622,867004,826618,897058,1072312,405046,215355,181352,2078,95.0,53.0
Assam,Bongaigaon,26.45012521994133,90.6734296187684,319,738804,375818,362986,434078,458796,184849,94939,97820,2523,97.0,59.0
Assam,Cachar,24.815570668693017,92.86849650455927,316,1736617,886284,850333,1174128,1048990,444899,241776,93297,5316,96.0,68.0
Assam,Darrang,26.58463215962442,92.04141338028155,325,928500,475273,453227,487039,583436,226525,118102,109858,1166,95.0,52.0
Assam,Dhemaji,27.586533438485816,94.71336908517353,308,686133,351249,334884,423028,434221,169630,82051,83663,1192,95.0,62.0
Assam,Dibrugarh,27.30612284482757,95.0998282327587,310,1326335,676434,649901,884531,767147,371864,186774,172503,8817,96.0,67.0
Assam,Goalpara,26.017277777777807,90.59869891598912,302,1008183,513292,494891,563577,650509,239831,117427,113964,1364,96.0,56.0
Assam,Golaghat,26.377219709794485,93.82583397823468,313,1066888,543161,523727,721764,629153,289085,148244,157029,3073,96.0,68.0
Assam,Hailakandi,24.457496089385486,92.59154664804475,318,659296,337890,321406,407366,419921,156243,82841,27808,1211,95.0,62.0
Assam,Jorhat,26.76244824016563,94.30197722567289,312,1092256,556805,535451,794929,604908,315550,171062,164118,5651,96.0,73.0
Assam,Kamrup,26.170939452054807,91.58863273972592,321,1517542,778461,739081,995319,895775,408232,212740,199425,3109,95.0,66.0
Assam,Karbi Anglong,26.08966454598031,93.11536570271832,314,956313,490167,466146,557214,618633,233739,103123,97148,1923,95.0,58.0
Assam,Karimganj,24.69660712250711,92.3679498575498,317,1228686,625864,602822,795297,779850,284368,163990,38218,1933,96.0,65.0
Assam,Kokrajhar,26.497246635730868,90.13997470997688,300,887142,452905,434237,489305,552671,224715,108956,115712,1218,96.0,55.0
Assam,Lakhimpur,27.14128805970149,94.0775949253732,307,1042137,529674,512463,683486,639385,268872,133615,133214,1948,97.0,66.0
Assam,Nagaon,26.26462170626351,92.9306191144708,305,2823768,1439112,1384656,1710716,1778277,678034,366112,333149,5121,96.0,61.0
Assam,Nalbari,26.46323767605632,91.40598521126763,323,771639,396006,375633,531771,442061,211320,117809,107774,1631,95.0,69.0
Assam,Sonitpur,26.73514926829268,92.85197804878044,306,1924110,983904,940206,1108572,1159991,501239,261648,275119,4358,96.0,58.0
Assam,Tinsukia,27.53549291139241,95.69055949367085,309,1327929,680231,647698,798322,799874,352158,175377,168890,5135,95.0,60.0
Bihar,Araria,26.211528119180603,87.30766554934816,209,2811569,1463333,1348236,1195768,1872943,612012,324091,279254,2561,92.0,43.0
Bihar,Aurangabad,24.774291867469877,84.45986024096379,235,2540073,1318684,1221389,1466002,1626969,564571,340948,195301,2362,93.0,58.0
Bihar,Aurangabad,24.774291867469877,84.45986024096379,515,3701282,1924469,1776813,2503837,2211996,909771,571932,192027,23258,92.0,68.0
Bihar,Banka,24.832355642023337,86.8664916342413,225,2034763,1067140,967623,965321,1291235,462080,278863,159201,1704,91.0,47.0
Bihar,Begusarai,25.54302613168723,86.12560144032932,222,2970541,1567660,1402881,1548673,1951688,644874,369996,295852,4644,89.0,52.0
Bihar,Bhagalpur,25.277192885375477,87.04213814229242,224,3037766,1615663,1422103,1573066,1952879,674660,397654,220531,6764,88.0,52.0
Bihar,Bhojpur,25.50666439393939,84.49407803030304,231,2728407,1430380,1298027,1599151,1722387,613072,387389,206776,3661,91.0,59.0
Bihar,Buxar,25.48593018867924,84.08808081760995,232,1706352,887977,818375,989807,1074754,375372,253998,137996,1784,92.0,58.0
Bihar,Darbhanga,26.146187719298258,85.97387352472099,215,3937385,2059949,1877436,1816634,2535344,865971,529314,320695,6280,91.0,46.0
Bihar,Gaya,24.7266541547278,84.94291217765044,236,4391418,2266566,2124852,2297613,2810026,936630,537333,294227,6856,94.0,52.0
Bihar,Gopalganj,26.44874364161851,84.34636127167629,217,2562012,1267666,1294346,1382998,1642807,546202,370662,312727,3707,102.0,54.0
Bihar,Jamui,24.78418380462726,86.26316298200514,238,1760405,916064,844341,858588,1135919,392052,227016,113424,1839,92.0,49.0
Bihar,Jehanabad,25.155679045643165,84.9208124481328,239,1125313,585582,539731,618881,714244,254582,155106,69637,1106,92.0,55.0
Bihar,Katihar,25.56565356037151,87.70466083591326,212,3071029,1600430,1470599,1280190,2054202,660403,353483,285976,2941,92.0,42.0
Bihar,Khagaria,25.53558891454964,86.56593256351037,223,1666886,883786,783100,768028,1114645,355531,195796,99898,1580,89.0,46.0
Bihar,Kishanganj,26.324336758321294,87.95045007235886,210,1690400,866970,823430,745056,1139615,361114,188447,177516,1093,95.0,44.0
Bihar,Lakhisarai,25.183449321266963,86.12825701357468,227,1000912,526345,474567,507270,650642,218840,130655,49052,1186,90.0,51.0
Bihar,Madhepura,25.77341929460581,86.8978443983403,213,2001762,1047559,954203,834577,1311771,444235,242382,169936,1397,91.0,42.0
Bihar,Madhubani,26.41380538172716,86.16328360450552,207,4487379,2329313,2158066,2155338,2860455,1009424,611899,416574,5319,93.0,48.0
Bihar,Munger,25.198537962962963,86.54173672839504,226,1367765,729041,638724,801817,860147,316713,188319,112707,2653,88.0,59.0
Bihar,Muzaffarpur,26.18664417177915,85.32745092024543,216,4801062,2527497,2273565,2509232,3016735,1079189,697108,548802,10290,90.0,52.0
Bihar,Nalanda,25.229345508982053,85.48053113772461,229,2877653,1497060,1380593,1519933,1829128,642197,403129,121583,4156,92.0,53.0
Bihar,Nawada,24.825708836206903,85.61594568965519,237,2219146,1144668,1074478,1091012,1440781,485628,288805,75606,1841,94.0,49.0
Bihar,Pashchim Champaran,27.16064352201258,84.30265911949685,203,3935042,2061110,1873932,1759481,2544205,888205,497793,425249,3495,91.0,45.0
Bihar,Patna,25.40297114503818,85.3198433587787,230,5838465,3078512,2759953,3459679,3626564,1382654,815638,430595,40692,90.0,59.0
Bihar,Purba Champaran,26.68129336734693,85.00382155612242,204,5099371,2681209,2418162,2276957,3316422,1122340,648009,611212,7719,90.0,45.0
Bihar,Purnia,25.81714801901739,87.40447606973065,211,3264619,1699370,1565249,1332326,2155512,696556,372692,291919,4170,92.0,41.0
Bihar,Rohtas,24.99170460829495,83.9350762672811,234,2959918,1543546,1416372,1799832,1875174,673742,407193,224824,4594,92.0,61.0
Bihar,Saharsa,25.821270696721303,86.54670819672135,214,1900661,997174,903487,804996,1249692,415863,233870,129847,1668,91.0,42.0
Bihar,Samastipur,25.793205563909765,85.94833323308269,221,4261566,2230003,2031563,2142880,2766930,913339,568812,458268,5379,91.0,50.0
Bihar,Saran,25.89656077844312,84.82266287425155,219,3951862,2022821,1929041,2157454,2516115,847031,585386,431759,4509,95.0,55.0
Bihar,Sheikhpura,25.12472436548223,85.77839390862943,228,636342,329743,306599,328676,413475,136898,85045,33652,631,93.0,52.0
Bihar,Sheohar,26.458380748663107,85.29539411764709,205,656246,346673,309573,283698,421241,139909,93398,73447,478,89.0,43.0
Bihar,Sitamarhi,26.56570069686413,85.61172491289203,206,3423574,1803252,1620322,1436794,2206340,739982,449035,317432,3460,90.0,42.0
Bihar,Siwan,26.1736372013652,84.33766552901022,218,3330464,1675090,1655374,1930175,2115448,713597,498299,382782,3834,99.0,58.0
Bihar,Supaul,26.28157893772896,86.78496465201461,208,2229076,1155283,1073793,1033283,1453438,495020,277610,192734,1845,93.0,46.0
Bihar,Vaishali,25.8134703180212,85.39247597173153,220,3495021,1844535,1650486,1926740,2176701,759132,486032,397202,4810,89.0,55.0
Chandigarh,Chandigarh,30.7426,76.75872465753424,55,1055450,580663,474787,805438,602411,303748,148945,135055,44283,82.0,76.0
Chhattisgarh,Bastar,19.393866751269048,81.52895126903546,414,1413199,698487,714712,650863,864272,358157,189569,192012,1782,102.0,46.0
Chhattisgarh,Bilaspur,22.356942982456143,81.99770350877188,30,381956,192764,189192,287620,193671,107367,80497,5387,1574,98.0,75.0
Chhattisgarh,Bilaspur,22.356942982456143,81.99770350877188,406,2663629,1351574,1312055,1596560,1625484,655032,380114,345789,8566,97.0,60.0
Chhattisgarh,Dhamtari,20.554912627291245,81.7569195519348,412,799781,397897,401884,546833,461125,213021,125429,119931,1016,101.0,68.0
Chhattisgarh,Durg,21.194463849287164,81.33181639511197,409,3343872,1682101,1661771,2303378,1919832,898241,523656,489008,16141,99.0,69.0
Chhattisgarh,Jashpur,22.77286167664669,83.8703962075848,402,851669,424747,426922,495415,488965,214455,148100,100725,567,101.0,58.0
Chhattisgarh,Korba,22.491712499999995,82.57604326923074,404,1206640,612915,593725,748759,729708,309479,166959,162148,4544,97.0,62.0
Chhattisgarh,Koriya,23.50412776859501,82.12515636363635,400,658917,334737,324180,397823,399581,165022,94073,67318,1667,97.0,60.0
Chhattisgarh,Mahasamund,21.223727037773354,82.65925427435384,411,1032754,511967,520787,637963,582544,272009,177826,175231,961,102.0,62.0
Chhattisgarh,Raigarh,22.008265068493166,83.27797698630134,403,1493984,750278,743706,951639,841958,398257,253488,225249,3342,99.0,64.0
Chhattisgarh,Raigarh,22.008265068493166,83.27797698630134,520,2634200,1344345,1289855,1939994,1414154,748339,462741,136247,38570,96.0,74.0
Chhattisgarh,Raipur,20.88603153846152,82.20032759615388,410,4063872,2048186,2015686,2629749,2454299,1038155,560184,549069,20261,98.0,65.0
Chhattisgarh,Surguja,23.32719278728607,83.23582493887531,401,2359886,1193129,1166757,1187941,1441436,561915,355077,277773,2737,98.0,50.0
Daman and Diu,Daman,20.431616666666677,72.8392366071429,495,191173,124659,66514,150348,122589,52868,15428,14642,1316,53.0,79.0
Daman and Diu,Junagadh,20.72568199498111,70.83985639899612,479,2743082,1404356,1338726,1842818,1527888,749156,461650,189600,6628,95.0,67.0
Goa,North Goa,15.548723418714054,73.80667997909038,585,818008,416677,401331,663060,380926,260533,175035,41713,23440,96.0,81.0
Goa,South Goa,15.195278658183785,73.941792596877,586,640537,322463,318074,502427,314480,194872,130605,37799,17624,99.0,78.0
Gujarat,Ahmadabad,22.605425564971743,72.23898135593227,474,7214225,3788051,3426174,5435760,3952858,2043895,1198152,680535,126341,90.0,75.0
Gujarat,Amreli,21.04832649310872,71.43457637825426,480,1514190,771049,743141,995459,836343,389892,282409,96477,2538,96.0,66.0
Gujarat,Anand,22.282718206229863,72.57782051557454,482,2092745,1087224,1005521,1551253,1134962,585093,366419,172466,9902,92.0,74.0
Gujarat,Banas Kantha,24.258538965517253,71.93205252873561,469,3120506,1610379,1510127,1704923,1984701,738412,394793,75914,3424,94.0,55.0
Gujarat,Bharuch,21.75787276237761,72.67326346710801,488,1551019,805707,745312,1118276,844298,442523,254728,96508,10257,93.0,72.0
Gujarat,Bhavnagar,21.70219390341736,72.16272632761141,481,2880365,1490201,1390164,1887255,1708938,720241,445121,238912,7297,93.0,66.0
Gujarat,Gandhinagar,23.193679790026252,72.67221679790026,473,1391753,723864,667889,1030494,769329,391862,224886,121735,12107,92.0,74.0
Gujarat,Jamnagar,22.410600414263328,69.62062005768233,477,2160119,1114192,1045927,1396534,1220598,576319,358455,157250,11573,94.0,65.0
Gujarat,Junagadh,20.929523011609785,70.54733890140345,479,2743082,1404356,1338726,1842818,1527888,749156,461650,189600,6628,95.0,67.0
Gujarat,Kachchh,23.48057203301311,68.82192301497916,468,2092371,1096737,995634,1252319,1278604,524052,286086,83904,9631,91.0,60.0
Gujarat,Kheda,22.88765312500002,73.018803515625,483,2299885,1185727,1114158,1660243,1260660,628221,388646,146364,5710,94.0,72.0
Gujarat,Mahesana,23.529355452865065,72.45545194085031,471,2035064,1056520,978544,1502645,1119451,554432,357578,143818,7759,93.0,74.0
Gujarat,Narmada,21.70666386292833,73.68403208722742,487,590297,301086,289211,370336,336830,157910,93466,29316,576,96.0,63.0
Gujarat,Navsari,20.866973318871995,72.86184869848157,490,1329672,678165,651507,1001909,673014,390349,258957,136665,6726,96.0,75.0
Gujarat,Panch Mahals,22.80435606837605,73.61984598290586,484,2390776,1226961,1163815,1440805,1421859,599925,363391,120545,3456,95.0,60.0
Gujarat,Patan,23.80634198473284,71.75162977099237,470,1343734,694397,649337,837913,786357,341381,213465,66270,2231,94.0,62.0
Gujarat,Porbandar,21.55092351651571,69.71896987722886,478,585449,300209,285240,393678,314886,163777,105638,40784,1653,95.0,67.0
Gujarat,Rajkot,22.40603377715488,70.83679439383323,476,3804558,1974445,1830113,2725056,2080568,1052871,659576,355586,21785,93.0,72.0
Gujarat,Sabar Kantha,23.71803594548552,73.13638790459964,472,2428589,1244231,1184358,1578734,1393131,630963,400905,112045,5262,95.0,65.0
Gujarat,Surat,21.25761372772093,72.93488716344339,492,6081322,3402224,2679098,4571410,3563443,1740746,723415,397563,55694,79.0,75.0
Gujarat,Surendranagar,22.82672007299272,71.48358740875906,475,1756268,909917,846351,1093626,1033435,439352,280582,135074,2975,93.0,62.0
Gujarat,The Dangs,20.801633877551023,73.6883518367347,489,228291,113821,114470,140968,146095,51821,30027,6914,137,101.0,62.0
Gujarat,Vadodara,22.26133739279589,73.49433010291594,486,4165626,2153736,2011890,2893080,2213474,1190041,733710,399901,53606,93.0,69.0
Gujarat,Valsad,20.44238231644259,72.9148584798345,491,1705678,887222,818456,1170657,944532,485874,259906,119338,11020,92.0,69.0
Haryana,Ambala,30.3503672316384,76.94970310734456,70,1128350,598703,529647,818025,617859,308126,201685,133676,12899,88.0,72.0
Haryana,Bhiwani,28.728868064516128,76.02110225806452,81,1634445,866672,767773,1069871,964960,405760,261428,99232,5292,89.0,65.0
Haryana,Faridabad,28.14873109756098,77.32718536585368,88,1809733,966110,843623,1272739,1095602,481318,231029,170927,43437,87.0,70.0
Haryana,Fatehabad,29.57298318584072,75.54608716814157,78,942011,495360,446651,557578,555745,237009,147469,86268,3210,90.0,59.0
Haryana,Gurgaon,28.043894789579163,77.01935130260523,86,1514432,816690,697742,1111116,875531,428101,210307,103261,67087,85.0,73.0
Haryana,Hisar,29.23628731117825,75.84324682779452,80,1743931,931562,812369,1114311,1017830,456536,265109,147721,10132,87.0,64.0
Haryana,Jhajjar,28.59651868131869,76.61137142857145,83,958405,514667,443738,676091,549975,245095,162356,69952,5034,86.0,71.0
Haryana,Jind,29.45149821958457,76.29598575667653,77,1334152,713006,621146,832758,784085,335704,213478,113068,5263,87.0,62.0
Haryana,Kaithal,29.96068539094649,76.37698930041155,73,1074304,571003,503301,646529,630194,265813,176320,95704,3724,88.0,60.0
Haryana,Karnal,29.703200647249204,76.87488025889972,74,1505324,797712,707612,978013,884972,380409,234684,143754,11163,89.0,65.0
Haryana,Kurukshetra,30.05652659846548,76.78774680306903,72,964655,510976,453679,646893,552034,250830,160216,107683,7356,89.0,67.0
Haryana,Mahendragarh,28.1352161458333,76.14018072916659,84,922088,486665,435423,630255,530000,229392,161258,54810,2624,89.0,68.0
Haryana,Panchkula,30.700897142857134,76.97173238095236,69,561293,299679,261614,405318,309078,157076,93606,42737,18615,87.0,72.0
Haryana,Panipat,29.34352134146342,76.92895914634147,75,1205437,646857,558580,786599,739075,298764,167244,90548,10024,86.0,65.0
Haryana,Rewari,28.19164714828897,76.55956007604564,85,900332,474335,425997,636947,518747,230704,150557,71366,5121,90.0,71.0
Haryana,Rohtak,28.892517647058817,76.53123235294117,82,1061204,568479,492725,747582,605741,269354,185685,91682,8482,87.0,70.0
Haryana,Sirsa,29.63583446327684,74.90970480225988,79,1295189,682582,612607,782897,750228,334344,208185,117760,6287,90.0,60.0
Himachal Pradesh,Bilaspur,31.3780422907489,76.65316079295157,30,381956,192764,189192,287620,193671,107367,80497,5387,1574,98.0,75.0
Himachal Pradesh,Bilaspur,31.3780422907489,76.65316079295157,406,2663629,1351574,1312055,1596560,1625484,655032,380114,345789,8566,97.0,60.0
Himachal Pradesh,Chamba,32.66741814595661,76.39354063116366,23,519080,261320,257760,323842,306555,130606,81566,1657,1615,99.0,62.0
Himachal Pradesh,Hamirpur,31.67668481012659,76.49767088607594,28,454768,217070,237698,358091,224044,123941,106641,7094,2521,110.0,79.0
Himachal Pradesh,Hamirpur,31.67668481012659,76.49767088607594,168,1104285,593537,510748,653299,660774,260368,181109,99240,1196,86.0,59.0
Himachal Pradesh,Kangra,32.14093603238864,76.41205910931173,24,1510075,750591,759484,1152640,766581,419172,319420,38456,8053,101.0,76.0
Himachal Pradesh,Kinnaur,31.60667184065933,78.51613736263741,34,84121,46249,37872,60699,42360,26599,15075,190,354,82.0,72.0
Himachal Pradesh,Kullu,31.90911922077925,77.40922649350647,26,437903,225452,212451,307672,244727,120510,72282,2450,2623,94.0,70.0
Himachal Pradesh,Mandi,31.635805940594054,76.96556930693067,27,999777,498065,501712,723747,524285,279321,194661,10927,5333,101.0,72.0
Himachal Pradesh,Shimla,31.155725451807253,77.62573042168668,33,814010,425039,388971,612642,425721,241956,145577,2813,9177,92.0,75.0
Himachal Pradesh,Sirmaur,30.682764453961443,77.43184689507493,32,529855,276289,253566,362645,310244,136839,82471,16691,2220,92.0,68.0
Himachal Pradesh,Solan,31.03864311926604,76.94442140672783,31,580320,308754,271566,428578,321533,167168,90808,12426,5250,88.0,74.0
Himachal Pradesh,Una,31.58330388349513,76.18353932038836,29,521173,263692,257481,399715,273223,142351,105358,41378,2412,98.0,77.0
Jammu and Kashmir,Doda,33.359614675767915,76.07163720136518,16,409936,213641,196295,219083,263576,93189,52744,563,596,92.0,53.0
Jammu and Kashmir,Jammu,32.713199095022645,74.8477520361991,21,1529958,813821,716137,1137135,816827,435895,275585,68272,19905,88.0,74.0
Jammu and Kashmir,Kargil,33.565994894894914,76.63675315315312,4,140802,77785,63017,86236,87532,35561,17488,488,235,81.0,61.0
Jammu and Kashmir,Kathua,32.51781678321678,75.58901398601404,7,616435,326109,290326,389204,357864,160123,97684,17726,1443,89.0,63.0
Jammu and Kashmir,Pulwama,33.88414418604652,75.00921860465118,12,560440,293064,267376,293958,342601,137032,80111,5479,1537,91.0,52.0
Jammu and Kashmir,Punch,33.791241290322574,74.29593161290322,5,476835,251899,224936,261724,304979,109818,61334,846,346,89.0,55.0
Jammu and Kashmir,Srinagar,34.27312898550724,75.11021159420288,10,1236829,651124,585705,748584,693238,351561,190330,44501,16413,90.0,61.0
Jammu and Kashmir,Udhampur,33.04770670731707,75.15286951219511,19,554985,296784,258201,322354,339145,140785,74757,3948,1214,87.0,58.0
Jharkhand,Bokaro,23.6814965034965,85.98398374125864,355,2062330,1072807,989523,1273520,1261238,510375,282115,247231,9754,92.0,62.0
Jharkhand,Chatra,24.11619945750453,84.93295804701627,347,1042886,533935,508951,510061,692650,222892,126682,90400,590,95.0,49.0
Jharkhand,Deoghar,24.33070100755672,86.75697632241814,350,1492073,775022,717051,793538,944961,338413,205514,174959,1944,93.0,53.0
Jharkhand,Dhanbad,23.854509090909097,86.40372924901185,354,2684487,1405956,1278531,1722204,1634835,648876,356445,283681,11568,91.0,64.0
Jharkhand,Dumka,24.275006125574265,87.27662450229711,362,1321442,668514,652928,672409,799323,324226,196164,175375,1193,98.0,51.0
Jharkhand,Garhwa,24.082114689265527,83.68664265536722,346,1322784,683575,639209,653476,860869,284036,177599,108161,565,94.0,49.0
Jharkhand,Giridih,24.30578509874329,86.08710915619386,349,2445474,1258098,1187376,1253475,1597269,533788,312967,226550,1944,94.0,51.0
Jharkhand,Godda,24.8189,87.2941735483871,351,1313551,677927,635624,604519,820367,308639,183519,133332,874,94.0,46.0
Jharkhand,Gumla,23.078532948929148,84.55056787479396,366,1025213,514390,510823,559720,643579,225871,155452,130700,831,99.0,55.0
Jharkhand,Jamtara,23.97873318077801,86.95325080091534,363,791042,404830,386212,426312,480895,189889,116810,116861,808,95.0,54.0
Jharkhand,Latehar,23.72511185840708,84.48298743362837,359,726978,369666,357312,350682,484084,152720,89870,63127,340,97.0,48.0
Jharkhand,Lohardaga,23.488796043165483,84.6605169064748,356,461790,232629,229161,259707,298844,100340,62244,66235,351,99.0,56.0
Jharkhand,Pakur,24.57260428082189,87.69691969178076,353,900422,452661,447761,352881,587976,206826,104418,102037,328,99.0,39.0
Jharkhand,Palamu,24.196925968109337,84.20310842824594,358,1939869,1006302,933567,1024563,1244572,425668,268387,159105,2155,93.0,53.0
Jharkhand,Ranchi,23.184235061391547,85.31781937244203,364,2914253,1494937,1419316,1911433,1742293,725938,409166,344888,22538,95.0,66.0
Jharkhand,Sahibganj,24.93667989690721,87.68264097938142,352,1150567,589391,561176,483263,745027,261849,137727,95511,591,95.0,42.0
Jharkhand,Simdega,22.608760391198054,84.59193691931536,367,599578,300309,299269,343483,357859,143560,97817,86022,423,100.0,57.0
Karnataka,Bagalkot,16.15860676328503,75.64526070853468,556,1889752,950111,939641,1113412,1123443,465706,299774,153879,3745,99.0,59.0
Karnataka,Bangalore Rural,12.936827087794448,77.47369314775169,583,990923,509172,481751,688749,535765,278153,176083,93908,3729,95.0,70.0
Karnataka,Belgaum,16.16107219152853,74.72329042357275,555,4779661,2423063,2356598,3052032,2669348,1251116,857143,519937,17560,97.0,64.0
Karnataka,Bellary,15.074377548209377,76.47228471074374,565,2452595,1236954,1215641,1421621,1487013,617276,346905,164714,9626,98.0,58.0
Karnataka,Bidar,17.950361730769224,77.19459961538459,558,1703300,870665,832635,1042673,1018195,397120,287271,102869,3971,96.0,61.0
Karnataka,Bijapur,16.84015316666667,75.95909166666665,417,255230,128663,126567,86919,167348,63802,23927,16830,117,98.0,34.0
Karnataka,Bijapur,16.84015316666667,75.95909166666665,557,2177331,1111022,1066309,1248268,1295274,527085,353549,161995,4987,96.0,57.0
Karnataka,Chikmagalur,13.425288289676422,75.67626502311249,570,1137961,566622,571339,818345,564994,341380,230864,76379,4510,101.0,72.0
Karnataka,Chitradurga,14.29102220394736,76.57821957236843,566,1659456,840843,818613,1087392,891230,460057,306412,102607,5711,97.0,66.0
Karnataka,Davanagere,14.330414586709884,75.91723841166937,567,1945497,986400,959097,1308540,1068518,538551,336173,146389,7320,97.0,67.0
Karnataka,Dharwad,15.343831376975173,75.13831264108359,562,1847023,937206,909817,1301664,1017935,505688,322577,111313,15013,97.0,70.0
Karnataka,Gadag,15.507128256880746,75.64861302752298,561,1064570,537147,527423,700177,601578,279069,183409,73191,3373,98.0,66.0
Karnataka,Gulbarga,17.070459515951594,76.87503850385033,579,2566326,1301755,1264571,1427368,1570719,604665,388935,118463,9752,97.0,56.0
Karnataka,Hassan,12.945098749999998,76.11049549999997,574,1776421,883667,892754,1225256,877340,522039,375918,138247,4851,101.0,69.0
Karnataka,Haveri,14.737582809224318,75.3961230607966,564,1597668,819128,778540,1085443,904453,426094,266586,117943,2456,95.0,68.0
Karnataka,Kodagu,12.39684468085106,75.79336595744688,576,554519,274608,279911,412877,276918,163360,113919,20075,3308,102.0,74.0
Karnataka,Kolar,13.312799881235172,78.01376947743476,581,1536401,776396,760005,1016219,841499,419380,274240,127046,5051,98.0,66.0
Karnataka,Koppal,15.651253271028034,76.1617048598131,560,1389920,699926,689994,809085,855430,330393,202984,97577,2135,99.0,58.0
Karnataka,Mandya,12.574901806239744,76.81570098522172,573,1805769,905085,900684,1149649,902307,527236,375100,192330,3367,100.0,64.0
Karnataka,Mysore,12.248100259403367,76.52881802853437,577,3001127,1511600,1489527,1962180,1580116,865220,553705,252546,28397,99.0,65.0
Karnataka,Raichur,16.050795353982295,76.87368606194688,559,1928812,964511,964301,979769,1196670,465173,265810,120959,5200,100.0,51.0
Karnataka,Shimoga,14.063845885634592,75.17882078103197,568,1752753,877415,875338,1263016,913150,513297,325542,165796,8791,100.0,72.0
Karnataka,Tumkur,13.592467760074973,77.02297966260545,571,2678980,1350594,1328386,1813391,1351461,760936,564196,276586,7971,98.0,68.0
Karnataka,Udupi,13.450404228534568,74.72009990316337,569,1177361,562131,615230,926429,559565,340903,276234,79637,9070,109.0,79.0
Kerala,Alappuzha,9.542602965599087,76.38010796263319,598,2127789,1013142,1114647,1852797,891512,648522,585591,229196,28842,110.0,87.0
Kerala,Ernakulam,10.004879301987431,76.26957729035381,595,3282388,1619557,1662831,2855676,1396968,1024720,858010,250078,88737,103.0,87.0
Kerala,Idukki,9.80480963855423,77.04586641566264,596,1108974,552808,556166,923010,494456,352163,261471,19378,8250,101.0,83.0
Kerala,Kannur,11.941523076923056,75.35209891725934,589,2523003,1181446,1341557,2138434,1187177,741984,588081,66300,32653,114.0,85.0
Kerala,Kasaragod,12.33310309912974,75.07768497134369,588,1307375,628613,678762,1037492,688763,369883,246975,27736,10378,108.0,79.0
Kerala,Kollam,8.929388820570157,76.6360775852431,600,2635375,1246968,1388407,2240273,1177359,795245,660965,157906,31542,111.0,85.0
Kerala,Kottayam,9.643701174068417,76.46059673302705,597,1974551,968289,1006262,1749798,811653,596302,565048,76041,37849,104.0,89.0
Kerala,Kozhikode,11.392924270557026,75.71158720159153,591,3086293,1470942,1615351,2615443,1487644,909581,686109,94227,36791,110.0,85.0
Kerala,Malappuram,10.97329875666072,75.93910775606876,592,4112920,1960328,2152592,3311315,2406005,1041361,662311,96908,27909,110.0,81.0
Kerala,Palakkad,10.784926903553291,76.49980490693744,593,2809934,1359478,1450456,2239492,1395222,802611,608966,101999,27162,107.0,80.0
Kerala,Thiruvananthapuram,8.537101759082221,76.88711502868073,601,3301427,1581678,1719749,2785408,1488441,989238,820024,136964,71621,109.0,84.0
Kerala,Thrissur,10.458932647907687,76.12321940836945,594,3121200,1480763,1640437,2678548,1394214,931841,792182,248933,56148,111.0,86.0
Kerala,Wayanad,11.715277464788736,76.07587007042254,590,817420,401684,415736,645585,412806,246590,157326,15359,4712,103.0,79.0
Madhya Pradesh,Anuppur,23.18184220430107,81.86560000000007,461,749237,379114,370123,436595,444954,193520,109813,84977,1290,98.0,58.0
Madhya Pradesh,Ashoknagar,24.63098846153845,77.82974493927134,459,845071,443837,401234,469109,535410,194772,114131,43637,619,90.0,56.0
Madhya Pradesh,Balaghat,21.80020720640569,80.42170053380796,457,1701698,842178,859520,1147623,969773,453605,276799,252422,1712,102.0,67.0
Madhya Pradesh,Barwani,21.702135714285724,74.91004719710673,441,1385881,699340,686541,549926,923665,302833,158594,51163,1158,98.0,40.0
Madhya Pradesh,Betul,21.964626315789477,77.7873428189117,447,1575362,799236,776126,939769,938819,392728,242592,114524,2109,97.0,60.0
Madhya Pradesh,Bhind,26.35951126187245,78.7618324287653,420,1703005,926843,776162,1094917,1040736,399676,258588,165675,1166,84.0,64.0
Madhya Pradesh,Bhopal,23.480726143790854,77.39246623093679,444,2371061,1236130,1134931,1660690,1405814,625594,330291,159808,40788,92.0,70.0
Madhya Pradesh,Burhanpur,21.364567254408065,76.24460478589425,467,757847,388504,369343,408679,469838,181605,106034,37369,986,95.0,54.0
Madhya Pradesh,Chhatarpur,24.813637376460004,79.56449299191374,425,1762375,936121,826254,943033,1112636,394060,252417,197839,1880,88.0,54.0
Madhya Pradesh,Chhindwara,22.227966971713823,78.76413136439254,455,2090922,1064468,1026454,1294198,1232263,535316,321977,158956,3588,96.0,62.0
Madhya Pradesh,Damoh,23.76624407960196,79.47049303482588,428,1264219,661873,602346,747715,768929,312593,181403,116361,1432,91.0,59.0
Madhya Pradesh,Datia,25.90226439560441,78.63916571428574,422,786754,420157,366597,491445,473097,195131,118186,65191,616,87.0,62.0
Madhya Pradesh,Dewas,22.7851110021322,76.46088805970157,437,1563715,805359,758356,925369,943954,388648,230280,117794,3518,94.0,59.0
Madhya Pradesh,Dhar,22.572681718963157,75.1105620736698,438,2185793,1112725,1073068,1077338,1377326,533243,273050,114497,2388,96.0,49.0
Madhya Pradesh,Dindori,22.83738437047757,81.04332966714911,453,704524,351913,352611,378714,419531,181841,102522,26743,554,100.0,54.0
Madhya Pradesh,Guna,24.49043927178156,77.2235895968791,458,1241519,649362,592157,653980,793150,285176,162104,76571,2482,91.0,53.0
Madhya Pradesh,Gwalior,26.04074441964285,78.12782433035713,421,2032036,1090327,941709,1357210,1218319,519728,291451,194763,15779,86.0,67.0
Madhya Pradesh,Harda,22.227659781121783,77.07022571819435,448,570465,294838,275627,352550,347774,138882,83417,29025,986,93.0,62.0
Madhya Pradesh,Hoshangabad,22.595268801996703,78.02168094841929,449,1241350,648725,592625,810644,730768,318232,191501,106654,2871,91.0,65.0
Madhya Pradesh,Indore,22.680265752128648,75.9133801324502,439,3276697,1699627,1577070,2309130,1877270,894464,493096,318881,48691,93.0,70.0
Madhya Pradesh,Jabalpur,23.18525572327043,79.98328754716981,451,2463289,1277278,1186011,1756468,1387369,679185,391903,271469,20443,93.0,71.0
Madhya Pradesh,Jhabua,22.419578015397768,74.40921616766468,464,1025048,515023,510025,352081,684200,220769,119681,31319,744,99.0,34.0
Madhya Pradesh,Katni,23.724416229116937,80.33819665871127,450,1292042,662013,630029,790773,778414,326582,185857,133962,2179,95.0,61.0
Madhya Pradesh,Mandla,22.70348712446353,80.38600543633753,454,1054905,525272,529633,604962,614794,278553,160510,80798,912,101.0,57.0
Madhya Pradesh,Mandsaur,24.19278764044944,75.43588667736759,433,1340411,682851,657560,834591,781000,346861,211815,123272,2324,96.0,62.0
Madhya Pradesh,Morena,26.37313504531724,77.88447341389724,419,1965970,1068417,897553,1179685,1254302,452484,257704,172169,1781,84.0,60.0
Madhya Pradesh,Neemuch,24.70311893333336,75.06608186666664,432,826067,422653,403414,508834,476995,217403,131227,84293,1945,95.0,62.0
Madhya Pradesh,Panna,24.451325840092657,80.21133001158752,426,1016520,533480,483040,552559,635347,235035,144827,96258,653,91.0,54.0
Madhya Pradesh,Raisen,23.292518206521724,78.16305495923909,446,1331597,700358,631239,820220,832939,316319,181524,64233,1141,90.0,62.0
Madhya Pradesh,Rajgarh,23.785499026425583,76.66431223922116,442,1545814,790212,755602,804245,935230,363218,246447,85879,1611,96.0,52.0
Madhya Pradesh,Ratlam,23.503562290502792,75.14895782122909,434,1455069,738241,716828,825880,876905,363858,213560,106605,3644,97.0,57.0
Madhya Pradesh,Rewa,24.861184625158856,81.57572465057183,430,2365106,1225100,1140006,1441757,1460075,540235,362228,302445,3406,93.0,61.0
Madhya Pradesh,Sagar,23.800318709677374,78.71940357771273,427,2378458,1256257,1122201,1545719,1470688,569166,335432,174324,4546,89.0,65.0
Madhya Pradesh,Satna,24.62777621776502,80.75547048710598,429,2228935,1157495,1071440,1371781,1365647,535086,326049,251079,3754,93.0,62.0
Madhya Pradesh,Sehore,22.9297199679658,77.06780202883085,445,1311332,683743,627589,780362,817608,305605,187611,82644,1566,92.0,60.0
Madhya Pradesh,Seoni,22.33230487804874,79.66053863928111,456,1379131,695879,683252,864194,809922,363037,205237,140883,1182,98.0,63.0
Madhya Pradesh,Shahdol,23.44859864559819,81.4596831828442,460,1066063,540021,526042,604194,645619,269145,150655,132313,1733,97.0,57.0
Madhya Pradesh,Shajapur,23.566620317220547,76.33555181268885,436,1512681,780520,732161,894612,901161,369741,240768,105728,1382,94.0,59.0
Madhya Pradesh,Sheopur,25.78014810996563,77.16911116838484,418,687861,361784,326077,328025,449974,155063,82416,32178,273,90.0,48.0
Madhya Pradesh,Shivpuri,25.37802451874367,77.74861600810549,423,1726050,919795,806255,900846,1106084,389652,227989,125237,1852,88.0,52.0
Madhya Pradesh,Sidhi,24.17547189952905,82.1053783359498,462,1127033,575912,551121,600785,721531,253685,150959,90963,837,96.0,53.0
Madhya Pradesh,Tikamgarh,25.14099852104666,78.89357064846428,424,1445166,760355,684811,747940,898323,343824,201875,153933,1090,90.0,52.0
Madhya Pradesh,Ujjain,23.319288862745065,75.80383717647058,435,1986864,1016289,970575,1240990,1156749,508302,320502,163671,7501,96.0,62.0
Madhya Pradesh,Umaria,23.59601063063061,80.90879477477475,431,644758,330674,314084,356672,403030,158140,82984,66004,839,95.0,55.0
Madhya Pradesh,Vidisha,23.82838307984792,77.9013507604563,443,1458875,769568,689307,862918,919239,335690,203005,70884,1926,90.0,59.0
Maharashtra,Akola,20.746310479041902,77.12122320359276,501,1813906,932334,881572,1411281,998769,483200,327932,126856,6163,95.0,78.0
Maharashtra,Amravati,21.16520991810736,77.67583503184723,503,2888445,1480768,1407677,2251875,1540590,783549,553265,211384,9438,95.0,78.0
Maharashtra,Aurangabad,20.0979228832952,75.32072196796334,235,2540073,1318684,1221389,1466002,1626969,564571,340948,195301,2362,93.0,58.0
Maharashtra,Aurangabad,20.0979228832952,75.32072196796334,515,3701282,1924469,1776813,2503837,2211996,909771,571932,192027,23258,92.0,68.0
Maharashtra,Bhandara,21.211792649727748,80.10950199637024,506,1200334,605520,594814,899860,626978,333120,232754,182892,2932,98.0,75.0
Maharashtra,Bid,18.952353340080982,75.69319706477731,523,2585049,1349106,1235943,1718507,1473882,614615,494436,119991,5614,92.0,66.0
Maharashtra,Buldana,20.56680611183355,76.39017880364096,500,2586258,1337560,1248698,1879874,1467457,641840,473071,121784,4767,93.0,73.0
Maharashtra,Chandrapur,20.095609090909075,79.31556380471388,509,2204307,1123834,1080473,1578615,1163802,629890,403719,248585,8239,96.0,72.0
Maharashtra,Dhule,21.274018690400517,74.58719071837263,498,2050862,1054031,996831,1293916,1167569,513908,350747,107616,6065,95.0,63.0
Maharashtra,Gondiya,21.225008411214997,80.17522698598128,507,1322507,661554,660953,1004243,704214,371908,244111,200918,2866,100.0,76.0
Maharashtra,Hingoli,19.59525302245251,77.09239412780653,512,1177345,606294,571051,790743,692117,281905,201828,48246,1221,94.0,67.0
Maharashtra,Jalgaon,20.8828943415638,75.55140421810695,499,4229917,2197365,2032552,2891882,2352671,1080237,763529,229955,14297,92.0,68.0
Maharashtra,Jalna,19.984612534818933,75.98473607242339,514,1959046,1011473,947573,1195523,1150104,454836,341479,84022,3791,94.0,61.0
Maharashtra,Kolhapur,16.44881301587301,74.12897150793648,530,3876001,1980658,1895343,2825845,1972486,1084858,801590,383946,22269,96.0,73.0
Maharashtra,Latur,18.348687268993856,76.75812607802874,524,2454196,1273140,1181056,1650672,1406364,584243,453229,108626,6217,93.0,67.0
Maharashtra,Nagpur,21.196556862745105,79.02166176470584,505,4653570,2384975,2268595,3673808,2460820,1361821,818467,577214,57964,95.0,79.0
Maharashtra,Nanded,19.209316983017,77.6829048951049,511,3361292,1730075,1631217,2189425,2008314,809135,535827,109371,7548,94.0,65.0
Maharashtra,Nandurbar,21.523175625248147,74.32638757443429,497,1648295,833170,815125,906509,1011352,390419,241534,40529,2579,98.0,55.0
Maharashtra,Nashik,20.266912871287143,74.03824168316828,516,6107187,3157186,2950001,4345366,3580633,1567252,948469,400486,45039,93.0,71.0
Maharashtra,Osmanabad,18.19459456066944,75.99495575313809,525,1657576,861535,796041,1137810,917343,393539,343021,93061,3209,92.0,69.0
Maharashtra,Parbhani,19.31032425249168,76.70163338870431,513,1836086,942870,893216,1157814,1078349,436486,313455,82350,3982,95.0,63.0
Maharashtra,Pune,18.51696171428573,74.12922881632647,521,9429408,4924105,4505303,7171723,5184734,2624165,1586132,735590,235018,91.0,76.0
Maharashtra,Raigarh,18.453257637845976,73.0090609418579,403,1493984,750278,743706,951639,841958,398257,253488,225249,3342,99.0,64.0
Maharashtra,Raigarh,18.453257637845976,73.0090609418579,520,2634200,1344345,1289855,1939994,1414154,748339,462741,136247,38570,96.0,74.0
Maharashtra,Ratnagiri,17.210195070127703,73.25725893866404,528,1615069,761121,853948,1199392,777431,438905,396967,49177,7752,112.0,74.0
Maharashtra,Sangli,17.154930181086502,74.70713822937628,531,2822143,1435728,1386415,2049467,1450907,752303,603739,335852,13212,97.0,73.0
Maharashtra,Satara,17.6737908974359,74.18052064102558,527,3003741,1510842,1492899,2225694,1517324,800492,671702,246949,14093,99.0,74.0
Maharashtra,Sindhudurg,16.170948049777163,73.51329008172343,529,849651,417332,432319,666067,382024,242296,222963,39669,3517,104.0,78.0
Maharashtra,Solapur,17.837357937584812,75.42394823609216,526,4317756,2227852,2089904,2910676,2402794,1089900,809935,419488,15145,94.0,67.0
Maharashtra,Thane,19.698767747440264,72.79882742564581,517,11060148,5865078,5195070,8227161,6184519,3241888,1579921,403936,256170,89.0,74.0
Maharashtra,Wardha,20.80743024390242,78.57259105691062,504,1300774,668385,632389,1019458,659540,370227,270107,129060,4313,95.0,78.0
Maharashtra,Washim,20.282282394366213,77.25502394366208,502,1197160,620302,576858,869917,682919,302425,210185,66675,1875,93.0,73.0
Maharashtra,Yavatmal,20.04258346738159,78.05326371760479,510,2772348,1419965,1352383,2022574,1549263,733258,483813,168661,6094,95.0,73.0
Manipur,Bishnupur,24.50712111801243,93.8246236024845,275,237399,118782,118617,156333,135220,62907,38815,25026,676,100.0,66.0
Manipur,Chandel,24.2635812987013,94.09443844155844,280,144182,74579,69603,90302,86255,39324,18329,7705,184,93.0,63.0
Manipur,Churachandpur,24.30309718875504,93.38671506024085,274,274143,138820,135323,195935,168608,67802,37096,12613,837,97.0,71.0
Manipur,Senapati,25.08465586034914,94.03366234413956,272,479148,247323,231825,264477,314439,111516,52008,6761,256,94.0,55.0
Manipur,Tamenglong,24.98312942238265,93.49450740072204,273,140651,72371,68280,85006,90273,33290,16924,826,125,94.0,60.0
Manipur,Thoubal,24.545392553191498,93.97959893617023,276,422168,210845,211323,269304,251975,107196,62060,57139,880,100.0,64.0
Manipur,Ukhrul,25.05900314960629,94.44129566929138,279,183998,94718,89280,129829,113715,43646,25165,1275,276,94.0,71.0
Meghalaya,East Garo Hills,25.82728228228228,90.64684924924916,294,317917,161223,156694,192147,216742,70424,29926,22238,288,97.0,60.0
Meghalaya,East Khasi Hills,25.303763888888884,91.75922519841272,298,825922,410749,415173,578030,545961,192428,86576,5188,5032,101.0,70.0
Meghalaya,Jaintia Hills,25.33959557069844,92.37608160136298,299,395124,196285,198839,187527,291097,72934,30362,1826,510,101.0,47.0
Meghalaya,South Garo Hills,25.240568578553614,90.64560349127176,295,142334,73170,69164,82062,97082,30605,14495,2581,179,95.0,58.0
Meghalaya,West Garo Hills,25.495285185185185,90.03709947089942,293,643291,324159,319132,358702,427629,143604,70599,32839,1630,98.0,56.0
Meghalaya,West Khasi Hills,25.500889926739926,91.25364542124538,296,383461,193715,189746,230678,278569,69988,33431,3325,149,98.0,60.0
Mizoram,Aizawl,23.90781335453101,92.85359459459472,283,400309,199270,201039,340595,235892,108094,56092,4713,4019,101.0,85.0
Mizoram,Champhai,23.54166580976866,93.24221799485862,284,125745,63388,62357,100802,78778,29690,17189,911,186,98.0,80.0
Mizoram,Kolasib,24.2020004347826,92.73470391304348,282,83955,42918,41037,65895,52147,20576,11167,1119,367,96.0,78.0
Mizoram,Lawngtlai,22.36102843137253,92.66964156862753,287,117894,60599,57295,62861,80723,25303,11831,487,162,95.0,53.0
Mizoram,Lunglei,23.007717036172675,92.63512555425892,286,161428,82891,78537,121122,100250,39690,21424,1020,482,95.0,75.0
Mizoram,Mamit,23.73852942502819,92.4330803833147,281,86364,44828,41536,60191,55914,20082,10318,550,90,93.0,70.0
Mizoram,Saiha,22.35744801061008,93.02827931034489,288,56574,28594,27980,42233,37127,12784,6636,143,168,98.0,75.0
Mizoram,Serchhip,23.263864705882344,92.914158496732,285,64937,32851,32086,54476,39568,15894,9404,482,131,98.0,84.0
Nagaland,Dimapur,25.814176811594223,93.75074057971014,265,378811,197394,181417,278037,243392,98601,36618,18820,3303,92.0,73.0
Nagaland,Kohima,25.60311428571428,93.78600657596373,270,267988,138966,129022,197489,173701,68485,25557,1472,1928,93.0,74.0
Nagaland,Mokokchung,26.478911764705888,94.522426006192,262,194622,101092,93530,159494,111243,52853,30363,2132,537,93.0,82.0
Nagaland,Mon,26.69207374301676,95.03072988826828,261,250260,131753,118507,119626,168773,53600,27437,2148,178,90.0,48.0
Nagaland,Phek,25.63272986577182,94.56814563758392,266,163418,83743,79675,105893,108514,37842,16969,549,170,95.0,65.0
Nagaland,Tuensang,26.21104453280316,94.85809880715708,267,196596,101933,94663,117511,134573,43210,18762,355,155,93.0,60.0
Nagaland,Wokha,26.202611551155112,94.1990815181518,264,166343,84505,81838,128208,106951,40510,18811,2907,198,97.0,77.0
Nagaland,Zunheboto,26.028178205128206,94.50026666666668,263,140757,71217,69540,102881,91709,32267,16730,713,261,98.0,73.0
Orissa,Baleshwar,21.48570932311624,87.08085828011933,377,2320529,1185787,1134742,1621232,1303828,622575,390611,365510,7370,96.0,70.0
Orissa,Bhadrak,20.95262735257214,86.81496204516931,378,1506337,760260,746077,1094140,848660,393629,260486,184434,2637,98.0,73.0
Orissa,Cuttack,20.407640646029623,85.7776810228802,381,2624470,1352760,1271710,2011469,1372301,743090,499895,391982,15046,94.0,77.0
Orissa,Dhenkanal,20.79887159353349,85.53226836027711,383,1192811,612593,580218,829910,641697,326233,222398,159449,1810,95.0,70.0
Orissa,Gajapati,19.121080882352945,84.14015091911759,389,577817,282882,294935,262537,345387,144043,85072,28704,635,104.0,45.0
Orissa,Ganjam,19.2632617564534,84.80297710437702,388,3529031,1779218,1749813,2210050,1980232,924756,613249,369914,9049,98.0,63.0
Orissa,Jharsuguda,21.827058566978184,83.93581682242987,371,579505,296690,282815,405879,320156,159477,98555,102328,2498,95.0,70.0
Orissa,Kalahandi,19.784253092783523,83.1124043814433,395,1576869,787101,789768,802036,880160,415778,275533,226852,1953,100.0,51.0
Orissa,Kandhamal,20.092878624813142,84.02216352765326,390,733110,359945,373165,399786,436625,177471,117777,66979,768,104.0,55.0
Orissa,Kendrapara,20.606319815982264,86.83763247572003,379,1440361,717814,722547,1089265,771284,374559,290894,189402,1628,101.0,76.0
Orissa,Khordha,20.054162322274863,85.52234834123229,386,2251673,1167137,1084536,1749936,1199521,653346,391701,325139,35701,93.0,78.0
Orissa,Koraput,18.82627794779476,82.81278469846964,398,1379647,678809,700838,568090,818578,348803,207206,112569,3988,103.0,41.0
Orissa,Malkangiri,18.25227930367506,81.98293636363628,399,613192,303624,309568,244706,381913,146355,83284,62048,448,102.0,40.0
Orissa,Mayurbhanj,21.897621545157754,86.4030408052231,376,2519738,1256213,1263525,1369397,1449729,650135,414076,418435,2950,101.0,54.0
Orissa,Nayagarh,20.192895622119817,85.05614700460825,385,962789,502636,460153,688362,502136,262086,196994,141578,1163,92.0,71.0
Orissa,Nuapada,20.471309512195116,82.59152536585364,394,610382,301962,308420,299383,344075,152681,112325,107595,757,102.0,49.0
Orissa,Puri,19.83509174603177,85.86698989898981,387,1698730,865380,833350,1291939,888134,477430,328666,244309,3416,96.0,76.0
Orissa,Rayagada,19.292840020060204,83.45860120361095,396,967911,471960,495951,407735,577569,245766,140825,80566,1553,105.0,42.0
Orissa,Sambalpur,21.515752380952385,84.34958483245157,372,1041099,526877,514222,703691,565700,286575,186726,176565,5231,98.0,68.0
Orissa,Sundargarh,22.06354819277107,84.50524819277099,374,2093437,1061147,1032290,1342322,1188918,573238,324436,341323,12787,97.0,64.0
Puducherry,Karaikal,10.876161726078813,79.82369793621002,637,200222,97809,102413,154916,102333,60089,37434,27503,1868,105.0,77.0
Puducherry,Mahe,12.006420793787758,75.28275021570326,636,41816,19143,22673,36470,19760,12543,9428,868,574,118.0,87.0
Puducherry,Yanam,16.707695652173904,82.26187304347832,634,55626,27301,28325,39274,31973,15235,8402,6523,207,104.0,71.0
Punjab,Amritsar,31.548679820627772,74.79883856502238,49,2490656,1318408,1172248,1684770,1384987,667193,436496,286368,29961,89.0,68.0
Punjab,Bathinda,30.190524611973352,75.05685898004438,46,1388525,743197,645328,844868,754927,377707,255283,176384,11284,87.0,61.0
Punjab,Faridkot,30.591187250996025,74.79751553784862,45,617508,326671,290837,381285,336540,164962,113721,82761,4348,89.0,62.0
Punjab,Fatehgarh Sahib,30.64290947368421,76.36208394736842,40,600163,320795,279368,426033,321018,166781,111028,84834,5138,87.0,71.0
Punjab,Firozpur,30.63407535211269,74.40245732394365,43,2029074,1071637,957437,1227511,1171770,525459,331259,237901,10042,89.0,60.0
Punjab,Gurdaspur,32.04283371212125,75.3204064393939,35,2298323,1212617,1085706,1634719,1261421,611353,423301,280874,14428,90.0,71.0
Punjab,Hoshiarpur,31.55157169811319,75.8469857442349,38,1586625,809057,777568,1199699,831741,422782,330671,227316,13747,96.0,76.0
Punjab,Jalandhar,31.250336907216507,75.54400350515463,37,2193590,1145211,1048379,1622537,1159156,616431,416449,286365,39082,92.0,74.0
Punjab,Kapurthala,31.336592638036837,75.47641165644177,36,815168,426311,388857,576567,433331,222324,157833,107044,9732,91.0,71.0
Punjab,Ludhiana,30.76596397379912,75.83110851528383,41,3498739,1867816,1630923,2560225,1901528,980046,614258,461137,58589,87.0,73.0
Punjab,Mansa,29.919547714285724,75.4304922857143,47,769751,408732,361019,423560,420050,200882,146103,90845,2673,88.0,55.0
Punjab,Moga,30.756540067340065,75.1600845117845,42,995746,525920,469826,627889,535408,258826,194768,140084,7897,89.0,63.0
Punjab,Muktsar,30.31243303303303,74.5518747747748,44,901896,475622,426274,524848,495167,242628,162297,109666,4571,90.0,58.0
Punjab,Patiala,30.214540380693364,76.27505893949697,48,1895686,1002522,893164,1266791,1042519,517079,335100,253101,24274,89.0,67.0
Punjab,Rupnagar,30.910937330754347,76.53743500967126,51,684627,357485,327142,502731,365300,185424,131707,95548,6600,92.0,73.0
Punjab,Sangrur,30.185045204336895,75.89437014178496,53,1655169,878029,777140,1002077,904316,435148,311621,240629,10736,89.0,61.0
Rajasthan,Ajmer,26.199300378787903,74.6990419191919,119,2583052,1324085,1258967,1526673,1561077,629951,388040,187324,13499,95.0,59.0
Rajasthan,Alwar,27.55271738035265,76.65359630562563,104,3674179,1939026,1735153,2182476,2346721,836000,490137,242678,9750,89.0,59.0
Rajasthan,Banswara,23.453642032967014,74.44246868131869,125,1797485,907754,889731,829343,1153029,406214,216554,39865,2324,98.0,46.0
Rajasthan,Baran,24.98023243243244,76.86210651828291,128,1222755,633945,588810,693307,762204,286344,173100,61129,1363,93.0,57.0
Rajasthan,Barmer,25.77070908045978,71.50297126436782,115,2603751,1369022,1234729,1188322,1731122,527629,326476,47366,2766,90.0,46.0
Rajasthan,Bharatpur,27.32411858037578,77.21752077244258,105,2548462,1355726,1192736,1480869,1659515,546362,329127,152915,4179,88.0,58.0
Rajasthan,Bhilwara,25.45119767759564,74.63947595628417,122,2408523,1220736,1187787,1256126,1439454,589476,365023,212245,6207,97.0,52.0
Rajasthan,Bikaner,28.12489068322981,73.26943322981371,101,2363937,1240801,1123136,1278801,1543867,517271,288165,97914,7607,91.0,54.0
Rajasthan,Bundi,25.48580716049379,75.79984074074079,121,1110906,577160,533746,585044,686771,267648,155958,86810,1392,92.0,53.0
Rajasthan,Chittaurgarh,24.631623761665463,74.80010997846382,126,1544338,783171,761167,821825,880043,398303,258997,173375,4941,97.0,53.0
Rajasthan,Churu,28.29330375536484,74.65846427038629,102,2039547,1051446,988101,1149269,1293193,458725,272176,46531,2577,94.0,56.0
Rajasthan,Dausa,26.91234817629181,76.57342097264443,109,1634409,857787,776622,938051,1047136,358718,210117,84799,1719,91.0,57.0
Rajasthan,Dhaulpur,26.72397054945053,77.74476219780222,106,1206516,653647,552869,683098,815651,248416,141365,80614,1330,85.0,57.0
Rajasthan,Dungarpur,23.75104807692308,73.84765641025645,124,1388552,696532,692020,681591,868458,317700,191917,18435,1477,99.0,49.0
Rajasthan,Ganganagar,29.256785412667963,73.56192303262948,99,1969168,1043340,925828,1193343,1167889,502211,283484,149905,6295,89.0,61.0
Rajasthan,Hanumangarh,29.1813351791531,74.74632573289902,100,1774692,931184,843508,1034136,1058044,453114,242361,93418,3360,91.0,58.0
Rajasthan,Jaipur,27.033459290187885,75.77117286012533,110,6626178,3468507,3157671,4300965,4091148,1646480,884057,393025,76565,91.0,65.0
Rajasthan,Jaisalmer,26.86900838548185,71.18371877346682,114,669919,361708,308211,308653,448969,140294,79977,11291,754,85.0,46.0
Rajasthan,Jalor,25.07578093797277,72.18647261724662,116,1828730,936634,892096,829582,1176496,390598,249379,37596,1585,95.0,45.0
Rajasthan,Jhalawar,24.24725541474657,76.11242891705065,129,1411129,725143,685986,739792,850546,346110,213674,81160,1750,95.0,52.0
Rajasthan,Jhunjhunun,28.13517401247401,75.52840893970894,103,2137045,1095896,1041149,1370360,1298780,494124,330126,74695,4828,95.0,64.0
Rajasthan,Jodhpur,26.678460838536967,73.00450847457628,113,3687165,1923928,1763237,2031532,2359786,836322,489280,193641,19335,92.0,55.0
Rajasthan,Karauli,26.51901555555556,76.96081818181815,107,1458248,783639,674609,805849,947173,310688,192042,52008,1059,86.0,55.0
Rajasthan,Kota,25.175718080000014,76.18618928000001,127,1951014,1021161,929853,1298345,1177474,495896,275396,150716,12843,91.0,67.0
Rajasthan,Nagaur,27.07862016048146,74.14215667001012,112,3307743,1696325,1611418,1758624,2088323,754143,463469,90046,4449,95.0,53.0
Rajasthan,Pali,25.80490393541874,73.55285640766907,118,2037573,1025422,1012151,1085693,1207983,467436,343384,175945,4043,99.0,53.0
Rajasthan,Rajsamand,25.24894767441859,73.96570215946844,123,1156597,581339,575258,619139,687165,275099,193668,65503,1989,99.0,54.0
Rajasthan,Sawai Madhopur,26.251081180223288,76.4219283891548,108,1335551,704031,631520,741748,841697,309237,183234,66594,1887,90.0,56.0
Rajasthan,Sikar,27.64644058641976,75.29317422839503,111,2677333,1374990,1302343,1652117,1672813,605002,381226,76325,5647,95.0,62.0
Rajasthan,Sirohi,24.7976905263158,72.75309131578943,117,1036346,534231,502115,476806,649290,244401,142251,52893,2146,94.0,46.0
Rajasthan,Tonk,26.153935071707927,75.79192216427637,120,1421326,728136,693190,749659,880194,334006,205593,93547,1908,95.0,53.0
Rajasthan,Udaipur,24.44076752136749,73.84029839743584,130,3068420,1566801,1501619,1582629,1876436,739287,451034,145780,14211,96.0,52.0
Sikkim,East,27.29600352941175,88.74908392156858,93,1709346,907500,801846,1352998,948963,497157,262124,103064,80037,88.0,79.0
Tamil Nadu,Ariyalur,11.190514836795256,79.22249643916912,616,754894,374703,380191,480604,380484,216103,157771,104900,1749,101.0,64.0
Tamil Nadu,Chennai,13.058098905608748,80.28139151846806,603,4646732,2335844,2310888,3776276,2271657,1468902,899279,409796,217368,99.0,81.0
Tamil Nadu,Coimbatore,10.871376995940452,77.07619012178621,632,3458045,1729297,1728748,2635907,1579517,1117221,757738,353990,63273,100.0,76.0
Tamil Nadu,Cuddalore,11.57587300613498,79.63002365371497,617,2605914,1311697,1294217,1815281,1364411,764669,473617,343988,15396,99.0,70.0
Tamil Nadu,Dharmapuri,12.300141200000006,78.11509813333339,630,1506843,774303,732540,917709,804186,434328,267536,164521,3651,95.0,61.0
Tamil Nadu,Dindigul,10.377801390820574,77.78011279554937,612,2159775,1080938,1078837,1481834,1065734,647806,443528,222834,9155,100.0,69.0
Tamil Nadu,Erode,11.267012155963302,77.42034334862392,610,2251744,1129868,1121876,1492662,1006543,701326,542295,368604,18604,99.0,66.0
Tamil Nadu,Kancheepuram,12.496424756511884,80.08820360135913,604,3998252,2012958,1985294,3013382,2076492,1200284,715895,425865,100322,99.0,75.0
Tamil Nadu,Kanniyakumari,8.183466300191206,77.32053064053538,629,1870374,926345,944029,1548738,887052,556548,425849,122491,15673,102.0,83.0
Tamil Nadu,Karur,10.79532776617955,78.08749686847604,613,1064493,528184,536309,727044,501585,320645,241843,153941,4915,102.0,68.0
Tamil Nadu,Madurai,9.904313833333331,78.01366033333332,623,3038252,1526475,1511777,2273430,1528178,913715,593827,325803,34097,99.0,75.0
Tamil Nadu,Nagapattinam,10.789468161718286,79.79437299431483,618,1616450,798127,818323,1213008,828444,463326,323706,219886,5585,103.0,75.0
Tamil Nadu,Namakkal,11.33766638477801,78.14624841437633,609,1726601,869280,857321,1176131,817905,510413,397064,262313,8960,99.0,68.0
Tamil Nadu,Perambalur,11.260137758112096,78.86034011799416,615,565223,282157,283066,375823,291371,158218,115151,59863,1507,100.0,66.0
Tamil Nadu,Pudukkottai,10.130514816433578,79.05444484265728,621,1618345,803188,815157,1110545,835853,470428,311175,209024,4494,101.0,69.0
Tamil Nadu,Ramanathapuram,9.31286995153476,78.99185362412462,626,1353445,682658,670787,978946,708322,389764,252888,125445,5172,98.0,72.0
Tamil Nadu,Salem,11.629324202127655,78.2478257978723,608,3482056,1781571,1700485,2285562,1737345,1029479,713294,441388,20660,95.0,66.0
Tamil Nadu,Sivaganga,9.960306580645158,78.56535729032255,622,1339101,668672,670429,959744,666218,391356,280462,172619,5773,100.0,72.0
Tamil Nadu,Thanjavur,10.387692255892237,79.3194869107745,620,2405890,1182416,1223474,1790998,1193095,712017,499235,343328,13495,103.0,74.0
Tamil Nadu,Theni,9.924066666666668,77.43458833333332,624,1245899,625683,620216,870080,618923,373564,252267,99044,4667,99.0,70.0
Tamil Nadu,Thiruvallur,13.275858101752885,80.19724702864492,602,3728104,1876062,1852042,2791721,1925296,1154775,643614,374923,75634,99.0,75.0
Tamil Nadu,Thiruvarur,10.368927409395978,79.60322893959727,619,1264277,626693,637584,946471,627880,377118,257116,189906,4416,102.0,75.0
Tamil Nadu,Tiruvannamalai,12.419318947368414,79.23265631578953,606,2464875,1235889,1228986,1626813,1301347,683904,477668,309133,6445,99.0,66.0
Tamil Nadu,Vellore,12.784882632293078,79.02643283582084,605,3936331,1961688,1974643,2773928,2096113,1116437,720713,491133,20623,101.0,70.0
Tamil Nadu,Virudhunagar,9.468872195892564,77.87641469194315,625,1942288,967709,974579,1398788,987538,575006,378174,282826,10219,101.0,72.0
Tripura,Dhalai,23.781360477941163,91.94654283088232,291,378230,194544,183686,276217,232286,95548,50269,22716,273,94.0,73.0
Tripura,North Tripura,24.121739755351683,92.17842538226292,292,693947,352860,341087,520402,414878,178608,100274,42636,997,97.0,75.0
Tripura,South Tripura,23.211874098057383,91.6065807585568,290,876001,447544,428457,646810,505558,236676,133424,83598,948,96.0,74.0
Tripura,West Tripura,23.780166241299337,91.41310788863107,289,1725739,879428,846311,1361354,940424,499719,284637,182610,6394,96.0,79.0
Uttar Pradesh,Agra,26.99512974910393,78.05278291517321,146,4418797,2364953,2053844,2680510,2871903,991255,547873,444212,27183,87.0,61.0
Uttar Pradesh,Aligarh,27.93748576850093,78.00146831119557,143,3673889,1951996,1721893,2092567,2378289,787408,472667,364661,13634,88.0,57.0
Uttar Pradesh,Allahabad,25.392038662316445,82.05172446982063,175,5954391,3131807,2822584,3665727,3764404,1335224,818137,701941,24122,90.0,62.0
Uttar Pradesh,Ambedkar Nagar,26.39119025974028,82.68282142857147,178,2397888,1212410,1185478,1486939,1499494,515229,367234,311614,2509,98.0,62.0
Uttar Pradesh,Auraiya,26.66892394014961,79.42637057356607,162,1379545,740040,639505,930836,856336,320763,202054,179939,2404,86.0,67.0
Uttar Pradesh,Azamgarh,26.008290954773837,83.01220251256285,191,4613913,2285004,2328909,2771917,2930243,965876,699954,521004,6652,102.0,60.0
Uttar Pradesh,Baghpat,29.045793499999988,77.30266300000001,139,1303048,700070,602978,797970,817140,283276,194548,114603,2989,86.0,61.0
Uttar Pradesh,Bahraich,27.691776300578027,81.46779783237004,180,3487731,1843884,1643847,1398368,2275746,754346,446242,397685,2681,89.0,40.0
Uttar Pradesh,Ballia,25.86075638297873,84.03651978723408,193,3239774,1672902,1566872,1963590,1975934,724362,502628,324245,4672,94.0,61.0
Uttar Pradesh,Balrampur,27.449076537911324,82.47158326180256,182,2148665,1114721,1033944,868357,1415213,442339,283947,232350,1551,93.0,40.0
Uttar Pradesh,Banda,25.351885902503284,80.52487391304344,170,1799410,965876,833534,1002937,1120432,408527,265310,183817,1655,86.0,56.0
Uttar Pradesh,Bara Banki,26.922777025232424,81.35762350597606,176,3260699,1707073,1553626,1692458,2043335,709494,445269,446335,3159,91.0,52.0
Uttar Pradesh,Bareilly,28.51101940789474,79.43187072368416,150,4448359,2357665,2090694,2191759,2893965,952233,514141,456654,15164,89.0,49.0
Uttar Pradesh,Basti,26.833880454545447,82.69790590909092,185,2464464,1255272,1209192,1393783,1574037,519265,363891,309655,3423,96.0,57.0
Uttar Pradesh,Bijnor,29.313974259681096,78.45098815489754,134,3682713,1921215,1761498,2135393,2404576,786305,450186,378636,7303,92.0,58.0
Uttar Pradesh,Bulandshahr,28.34875862068968,78.01082758620684,142,3499171,1845260,1653911,2031656,2246254,753949,472808,321044,7865,90.0,58.0
Uttar Pradesh,Chandauli,25.1180859611231,83.25307062634984,196,1952756,1017905,934851,1174606,1222695,437000,287767,220298,3492,92.0,60.0
Uttar Pradesh,Chitrakoot,25.159924623803,81.07666087551297,171,991730,527721,464009,531072,638046,214228,136669,105264,827,88.0,54.0
Uttar Pradesh,Deoria,26.42218856548857,83.8244070686071,190,3100946,1537436,1563510,1875239,1946336,664708,481219,353180,4469,102.0,60.0
Uttar Pradesh,Etah,27.591155309734443,78.70021858407083,201,1774480,947339,827141,1055202,1149372,383707,237427,189111,2635,87.0,59.0
Uttar Pradesh,Etawah,26.78817670157068,79.07621806282728,161,1581810,845856,735954,1062003,979633,362026,237786,194564,2964,87.0,67.0
Uttar Pradesh,Faizabad,26.60589185185181,82.00783530864202,177,2470996,1259628,1211368,1450901,1534832,543148,367332,346448,4746,96.0,59.0
Uttar Pradesh,Farrukhabad,27.45063297872342,79.4406284574468,159,1885204,1006240,878964,1092677,1224584,411153,246795,204261,2624,87.0,58.0
Uttar Pradesh,Fatehpur,25.8374362030905,80.85416203090509,172,2632733,1384722,1248011,1512166,1624830,603831,395547,331499,3385,90.0,57.0
Uttar Pradesh,Firozabad,27.20963993055552,78.42660624999998,147,2498156,1332046,1166110,1521806,1621154,543730,312689,278168,5834,88.0,61.0
Uttar Pradesh,Gautam Buddha Nagar,28.393311038961038,77.52462467532465,141,1648115,890214,757901,1122947,1015648,402967,188862,128362,53181,85.0,68.0
Uttar Pradesh,Ghaziabad,28.74997308584685,77.67441879350343,140,4681645,2488834,2192811,3123264,2891069,1139871,559963,409265,78116,88.0,67.0
Uttar Pradesh,Ghazipur,25.624724775583484,83.5360854578097,195,3620268,1855075,1765193,2197549,2234593,774130,556273,383511,5309,95.0,61.0
Uttar Pradesh,Gonda,27.157215552099505,82.0226888024882,183,3433919,1787146,1646773,1679994,2223078,734903,464584,417980,4313,92.0,49.0
Uttar Pradesh,Gorakhpur,26.63315886792452,83.3549560377358,188,4440895,2277777,2163118,2700328,2755630,992114,659677,531565,14597,95.0,61.0
Uttar Pradesh,Hamirpur,25.738158381502892,79.82619479768789,28,454768,217070,237698,358091,224044,123941,106641,7094,2521,110.0,79.0
Uttar Pradesh,Hamirpur,25.738158381502892,79.82619479768789,168,1104285,593537,510748,653299,660774,260368,181109,99240,1196,86.0,59.0
Uttar Pradesh,Hardoi,27.337409090909137,80.26411767676768,155,4092845,2191442,1901403,2221601,2598364,905306,559988,494925,3845,87.0,54.0
Uttar Pradesh,Jalaun,26.067954587155988,79.36686911314993,165,1689974,906092,783882,1075196,1002817,410090,274954,162840,2217,87.0,64.0
Uttar Pradesh,Jaunpur,25.70141280913127,82.54315351934063,194,4494204,2220465,2273739,2731677,2826453,927026,689979,534790,8002,102.0,61.0
Uttar Pradesh,Jhansi,25.45581535234902,78.89954580536917,166,1998603,1057436,941167,1304513,1171301,510728,308331,194290,8517,89.0,65.0
Uttar Pradesh,Jyotiba Phule Nagar,28.870498984771597,78.39009365482241,137,1840221,963449,876772,983110,1227283,391275,215849,167023,2825,91.0,53.0
Uttar Pradesh,Kannauj,26.993988617886185,79.64437940379408,160,1656616,881776,774840,1017087,1069916,361028,223535,178143,2488,88.0,61.0
Uttar Pradesh,Kanpur Dehat,26.43047641196011,79.98710083056478,163,1796184,963255,832929,1170243,1100820,415918,276272,220794,2682,86.0,65.0
Uttar Pradesh,Kaushambi,25.53587532051282,81.41811282051287,174,1599596,838485,761111,813424,1034099,336401,210556,210669,1503,91.0,51.0
Uttar Pradesh,Kushinagar,26.892530675909864,83.92261542461007,189,3564544,1818055,1746489,1954820,2236842,772777,500373,432174,3486,96.0,55.0
Uttar Pradesh,Lalitpur,24.58877161016945,78.60082330508473,167,1221592,641011,580581,641191,793551,265080,159666,118185,1079,91.0,52.0
Uttar Pradesh,Lucknow,26.838233589251463,80.89706026871404,157,4589838,2394476,2195362,3127260,2678289,1161686,685258,539667,68506,92.0,68.0
Uttar Pradesh,Mahoba,25.34529670138888,79.67863003472216,169,875958,466358,409600,488106,527067,201394,137393,85723,1316,88.0,56.0
Uttar Pradesh,Mainpuri,27.17386862302482,79.03501851015807,148,1868529,993377,875152,1203885,1193660,402321,265638,216358,2642,88.0,64.0
Uttar Pradesh,Mathura,27.59390432801821,77.62153416856502,145,2547184,1367125,1180059,1507746,1600686,535738,327854,212964,8726,86.0,59.0
Uttar Pradesh,Mau,26.01082203791469,83.50582654028433,192,2205968,1114709,1091259,1363044,1402738,467343,323260,228921,2656,98.0,62.0
Uttar Pradesh,Meerut,29.02957625698323,77.80611005586593,138,3443689,1825743,1617946,2141488,2165117,780475,451827,331961,23717,89.0,62.0
Uttar Pradesh,Mirzapur,25.10207959183675,82.60126628571429,199,2496970,1312302,1184668,1428683,1590528,552177,346773,309079,4447,90.0,57.0
Uttar Pradesh,Moradabad,28.851770406189537,78.73580193423597,135,4772006,2503186,2268820,2263848,3168270,988486,525574,399563,11690,91.0,47.0
Uttar Pradesh,Muzaffarnagar,29.470507977736563,77.64017847866423,133,4143512,2193434,1950078,2417339,2671757,911621,544283,377807,10077,89.0,58.0
Uttar Pradesh,Pilibhit,28.52024175035868,79.90103974175037,151,2031007,1072002,959005,1061095,1320476,449673,256276,242225,2870,89.0,52.0
Uttar Pradesh,Pratapgarh,25.864842731707316,81.93530048780492,131,867848,437744,430104,401515,545987,204801,115608,62048,716,98.0,46.0
Uttar Pradesh,Pratapgarh,25.864842731707316,81.93530048780492,173,3209141,1606085,1603056,1931559,2002569,703727,492097,447696,5149,100.0,60.0
Uttar Pradesh,Rae Bareli,26.253902840059787,81.22260463378181,158,3405559,1752542,1653017,1965843,2116007,776583,506583,509053,5184,94.0,58.0
Uttar Pradesh,Rampur,28.83244727272725,79.10977333333337,136,2335819,1223889,1111930,1043666,1576123,491164,258913,247366,3847,91.0,45.0
Uttar Pradesh,Saharanpur,30.03381165217392,77.59905147826095,132,3466382,1834106,1632276,2077108,2228689,769736,433862,365960,9699,89.0,60.0
Uttar Pradesh,Sant Kabir Nagar,26.791596516393444,83.0387764344262,186,1715183,869656,845527,954949,1108368,352395,250502,201340,2031,97.0,56.0
Uttar Pradesh,Shahjahanpur,27.991389350649328,79.8302275324675,152,3006538,1606403,1400135,1490930,1961237,652237,368743,333199,3889,87.0,50.0
Uttar Pradesh,Sitapur,27.501995963091108,80.85288881199547,154,4483992,2375264,2108728,2283733,2862383,1000987,588318,575384,3874,89.0,51.0
Uttar Pradesh,Sonbhadra,24.46693268858798,83.06816324951639,200,1862559,971344,891215,985708,1203938,418914,237866,203774,5149,92.0,53.0
Uttar Pradesh,Sultanpur,26.2846386419753,82.05710456790123,179,3797117,1914586,1882531,2239902,2376875,828222,580164,526011,5956,98.0,59.0
Uttar Pradesh,Unnao,26.63163990895297,80.636773292868,156,3108367,1630087,1478280,1773584,1893706,706851,453462,417537,3476,91.0,57.0
Uttar Pradesh,Varanasi,25.36057088888889,82.82529666666672,197,3676841,1921857,1754984,2403903,2260457,856070,531549,412569,19214,91.0,65.0
Uttaranchal,Almora,29.683532133676103,79.50165064267351,64,622506,291081,331425,436497,351595,141238,128994,2673,1830,114.0,70.0
Uttaranchal,Bageshwar,29.98703393393397,79.83954354354357,63,259898,124326,135572,179483,147488,60569,51672,975,435,109.0,69.0
Uttaranchal,Chamoli,30.58338611464965,79.56281095541402,57,391605,193991,197614,280556,229715,93182,67873,861,899,102.0,72.0
Uttaranchal,Champawat,29.29142393939393,80.07720212121217,65,259648,131125,128523,177726,156916,60722,41913,7523,548,98.0,68.0
Uttaranchal,Pithoragarh,30.14720631868129,80.34229230769236,62,483439,239306,244133,345550,273494,116749,92517,1600,1344,102.0,71.0
Uttaranchal,Tehri Garhwal,30.463700918635173,78.48783792650917,59,618931,297986,320945,407994,368324,139371,109998,3876,1366,108.0,66.0
Uttaranchal,Udham Singh Nagar,29.02779577677222,79.45629004524895,67,1648902,858783,790119,1037839,1042614,392370,212223,194624,7883,92.0,63.0
Uttaranchal,Uttarkashi,30.968958552036234,78.56880615384617,56,330086,168597,161489,215126,202426,75997,51245,1353,602,96.0,65.0
West Bengal,Bankura,23.081280892857155,87.12640053571437,339,3596674,1838095,1758579,2232992,1942335,1014764,637834,546543,4273,96.0,62.0
West Bengal,Barddhaman,23.444453888888884,87.8150581111111,335,7717563,3966889,3750674,5247208,4149420,2265543,1292913,1104486,32323,95.0,68.0
West Bengal,Birbhum,24.06389342723,87.65153089201888,334,3502404,1790920,1711484,2158447,2008655,952059,539463,451618,5210,96.0,62.0
West Bengal,Dakshin Dinajpur,25.342094363021435,88.69821679819614,331,1676276,857199,819077,1083685,937283,465982,271423,225689,2518,96.0,65.0
West Bengal,Darjiling,26.839619571045585,88.33145067024122,327,1846823,937259,909564,1315585,1031221,523288,289979,125953,10943,97.0,71.0
West Bengal,Haora,22.401674174428507,87.99421176968654,341,4850029,2500819,2349210,3605206,2587164,1423304,833104,576054,30751,94.0,74.0
West Bengal,Hugli,22.87929264705881,88.00010264705891,338,5519145,2814653,2704492,4078388,2766489,1688206,1060821,903374,31725,96.0,74.0
West Bengal,Jalpaiguri,26.62642031250004,89.04154375000003,328,3872846,1983064,1889782,2498780,2259507,1035449,575667,502539,9322,95.0,65.0
West Bengal,Kolkata,22.550581481481483,88.3527648148148,342,4496694,2356766,2139928,3588137,2025389,1433314,1014769,252887,136618,91.0,80.0
West Bengal,Maldah,25.08026802575105,88.17191684549356,332,3988845,2051541,1937304,2086432,2511004,955283,520122,401774,5357,94.0,52.0
West Bengal,Murshidabad,24.25950655391121,88.16816860465121,333,7103807,3627564,3476243,4055834,4390564,1717594,991413,840951,7951,96.0,57.0
West Bengal,Nadia,23.56410971055088,88.58293034547152,336,5167600,2653768,2513832,3480555,2745828,1484986,934417,796698,12787,95.0,67.0
West Bengal,Puruliya,23.254192328767108,86.3968532876713,340,2930115,1496996,1433119,1624905,1678057,764776,484166,393127,3551,96.0,55.0
West Bengal,Uttar Dinajpur,26.044619165196977,88.23595232216337,330,3007134,1551066,1456068,1489667,1916033,704859,385155,362567,2883,94.0,50.0
